item_id,stable_key_before,stable_key_after,slug_before,slug_after,route_before,route_after,country_region,item_team_before,item_team_after,collection_team_before,collection_team_after,collection_before,collection_after,title,editorial_description,source_page,record_identity,resolved_reference_count,resolved_reference_roots,media_before,media_after,normalization_status,public_status_before,public_status_after,http_status,confirmed_preexisting,in_safe_698,et028_classification,et029b_status,in_extra_536,in_mixed_217,classification,risk,comparison,blocks_et029g,disposition
42396,item:6b79521936e9147e14b77d7a383dc287da5e4fedc6cba90dbcf6c74cd2a6b102,item:6b79521936e9147e14b77d7a383dc287da5e4fedc6cba90dbcf6c74cd2a6b102,2017,2017,/items/brasil/teams/america-rn/collections/07-17/2017,/items/brasil/teams/america-rn/collections/07-17/2017,brasil,paises/brasil/america rn,paises/brasil/america rn,paises/brasil/sport,paises/brasil/sport,camisas/brasil/sport/07_17,camisas/brasil/sport/07_17,2017,RAUL PRATA - CAMPEONATO PERNANBUCANO - ORIGINAL,paises/brasil/america rn/2017.htm,paises/brasil/america rn/2017.htm#editorial:hx001:table-12:description-table-21,3,camisas/brasil/sport,3,3,unchanged,ready,ready,200,YES,NO,OTHER,BLOCKED_CROSS_TEAM,NO,NO,E ? SOURCE_PAGE_CROSS_TEAM,HIGH,UNCHANGED,NO,TECHNICAL_DEBT_AFTER_V1
43343,item:28578935e1394f233b564759aecc189a47f2406479d78f825287edb21cbcf2d6,item:28578935e1394f233b564759aecc189a47f2406479d78f825287edb21cbcf2d6,2017-aecac1,2017-aecac1,/items/brasil/teams/internaciol-limeira/collections/07-17/2017-aecac1,/items/brasil/teams/internaciol-limeira/collections/07-17/2017-aecac1,brasil,paises/brasil/internaciol limeira,paises/brasil/internaciol limeira,paises/brasil/sport,paises/brasil/sport,camisas/brasil/sport/07_17,camisas/brasil/sport/07_17,2017,RAUL PRATA - CAMPEONATO PERNANBUCANO - ORIGINAL,paises/brasil/internaciol limeira/2017.htm,paises/brasil/internaciol limeira/2017.htm#editorial:hx001:table-12:description-table-21,3,camisas/brasil/sport,3,3,unchanged,ready,ready,200,YES,NO,OTHER,BLOCKED_CROSS_TEAM,NO,NO,E ? SOURCE_PAGE_CROSS_TEAM,HIGH,UNCHANGED,NO,TECHNICAL_DEBT_AFTER_V1
43397,item:9ae201ec41d85ea2bf6aa9aa7e07cd7aa71f805b5fb94c296bd16ec3f0715e87,item:9ae201ec41d85ea2bf6aa9aa7e07cd7aa71f805b5fb94c296bd16ec3f0715e87,2017-1478a8,2017-1478a8,/items/brasil/teams/mirassol/collections/07-17/2017-1478a8,/items/brasil/teams/mirassol/collections/07-17/2017-1478a8,brasil,paises/brasil/mirassol,paises/brasil/mirassol,paises/brasil/sport,paises/brasil/sport,camisas/brasil/sport/07_17,camisas/brasil/sport/07_17,2017,RAUL PRATA - CAMPEONATO PERNANBUCANO - ORIGINAL,paises/brasil/mirassol/2017.htm,paises/brasil/mirassol/2017.htm#editorial:hx001:table-12:description-table-21,3,camisas/brasil/sport,3,3,unchanged,ready,ready,200,YES,NO,OTHER,BLOCKED_CROSS_TEAM,NO,NO,E ? SOURCE_PAGE_CROSS_TEAM,HIGH,UNCHANGED,NO,TECHNICAL_DEBT_AFTER_V1
43513,item:9fe0625f586844de8f262c1bce84c6640f34fb95c8fc42e6281e3d8474250d76,item:9fe0625f586844de8f262c1bce84c6640f34fb95c8fc42e6281e3d8474250d76,2017-6a7256,2017-6a7256,/items/brasil/teams/rio-claro/collections/07-17/2017-6a7256,/items/brasil/teams/rio-claro/collections/07-17/2017-6a7256,brasil,paises/brasil/rio claro,paises/brasil/rio claro,paises/brasil/sport,paises/brasil/sport,camisas/brasil/sport/07_17,camisas/brasil/sport/07_17,2017,RAUL PRATA - CAMPEONATO PERNANBUCANO - ORIGINAL,paises/brasil/rio claro/2017.htm,paises/brasil/rio claro/2017.htm#editorial:hx001:table-12:description-table-21,3,camisas/brasil/sport,3,3,unchanged,ready,ready,200,YES,NO,OTHER,BLOCKED_CROSS_TEAM,NO,NO,E ? SOURCE_PAGE_CROSS_TEAM,HIGH,UNCHANGED,NO,TECHNICAL_DEBT_AFTER_V1
43971,item:3e0940fa1718e161f681915fa267268ece1cc261df52c165354c7b230eb59ced,item:3e0940fa1718e161f681915fa267268ece1cc261df52c165354c7b230eb59ced,1999-2000,1999-2000,/items/italia/teams/alzano-virescit/collections/08-16/1999-2000,/items/italia/teams/alzano-virescit/collections/08-16/1999-2000,italia,paises/italia/alzano virescit,paises/italia/alzano virescit,paises/italia/ternana,paises/italia/ternana,camisas/italia/ternana/08_16,camisas/italia/ternana/08_16,1999-2000,F. MICCOLI - CAMPIONATO ITALIANO - ORIGINALE,paises/italia/alzano virescit/9900.htm,paises/italia/alzano virescit/9900.htm#editorial:hx001:table-11:description-table-22,4,camisas/italia/ternana,4,4,unchanged,ready,ready,200,YES,NO,OTHER,BLOCKED_CROSS_TEAM,NO,NO,E ? SOURCE_PAGE_CROSS_TEAM,HIGH,UNCHANGED,NO,TECHNICAL_DEBT_AFTER_V1
44917,item:767e3181a6c42444f12dbc117b3c5aa3667b489ce0b6398e8098fa304d12d439,item:767e3181a6c42444f12dbc117b3c5aa3667b489ce0b6398e8098fa304d12d439,1999-2000-4c5bc8,1999-2000-4c5bc8,/items/italia/teams/jrcasale/collections/08-16/1999-2000-4c5bc8,/items/italia/teams/jrcasale/collections/08-16/1999-2000-4c5bc8,italia,paises/italia/jrcasale,paises/italia/jrcasale,paises/italia/ternana,paises/italia/ternana,camisas/italia/ternana/08_16,camisas/italia/ternana/08_16,1999-2000,F. MICCOLI - CAMPIONATO ITALIANO - ORIGINALE,paises/italia/jrcasale/9900.htm,paises/italia/jrcasale/9900.htm#editorial:hx001:table-11:description-table-22,4,camisas/italia/ternana,4,4,unchanged,ready,ready,200,YES,NO,OTHER,BLOCKED_CROSS_TEAM,NO,NO,E ? SOURCE_PAGE_CROSS_TEAM,HIGH,UNCHANGED,NO,TECHNICAL_DEBT_AFTER_V1
45567,item:a9714986d1ddf15a89f897a4abf97f5b5dc13719009d8463904042f9da1759a9,item:a9714986d1ddf15a89f897a4abf97f5b5dc13719009d8463904042f9da1759a9,1999-2000-b6fdca,1999-2000-b6fdca,/items/italia/teams/monza/collections/08-16/1999-2000-b6fdca,/items/italia/teams/monza/collections/08-16/1999-2000-b6fdca,italia,paises/italia/monza,paises/italia/monza,paises/italia/ternana,paises/italia/ternana,camisas/italia/ternana/08_16,camisas/italia/ternana/08_16,1999-2000,F. MICCOLI - CAMPIONATO ITALIANO - ORIGINALE,paises/italia/monza/9900.htm,paises/italia/monza/9900.htm#editorial:hx001:table-11:description-table-22,4,camisas/italia/ternana,4,4,unchanged,ready,ready,200,YES,NO,OTHER,BLOCKED_CROSS_TEAM,NO,NO,E ? SOURCE_PAGE_CROSS_TEAM,HIGH,UNCHANGED,NO,TECHNICAL_DEBT_AFTER_V1
45774,item:34654ffbba76b467e6e892b52200f770d6ca19bd04f8027e63fcc8c457ba2cc1,item:34654ffbba76b467e6e892b52200f770d6ca19bd04f8027e63fcc8c457ba2cc1,1983-1984,1983-1984,/items/italia/teams/roma/collections/fot-gio/1983-1984,/items/italia/teams/roma/collections/fot-gio/1983-1984,italia,paises/italia/roma,paises/italia/roma,paises/italia/torino,paises/italia/torino,camisas/italia/torino/fot_gio,camisas/italia/torino/fot_gio,1983-1984,CAMPIONATO ITALIANO - NON PIÚ IN COLLEZIONE,paises/italia/roma/8384.htm,paises/italia/roma/8384.htm#editorial:hx001:table-11:description-table-20,3,camisas/italia/roma | camisas/italia/torino,3,3,unchanged,ready,ready,200,YES,NO,OTHER,BLOCKED_CROSS_TEAM,NO,NO,F ? KNOWN_SPECIAL_CASE,MEDIUM,UNCHANGED,NO,TECHNICAL_DEBT_AFTER_V1
45775,item:3f624a6c5250645084a98b209c13eab46ba16b1c2c8bf4a84a7d454b37a4969d,item:3f624a6c5250645084a98b209c13eab46ba16b1c2c8bf4a84a7d454b37a4969d,1983-1984-77df46,1983-1984-77df46,/items/italia/teams/roma/collections/fot-gio/1983-1984-77df46,/items/italia/teams/roma/collections/fot-gio/1983-1984-77df46,italia,paises/italia/roma,paises/italia/roma,paises/italia/torino,paises/italia/torino,camisas/italia/torino/fot_gio,camisas/italia/torino/fot_gio,1983-1984,A. MALDERA - CAMPIONATO ITALIANO - ORIGINALE - NON PIÚ IN COLLEZIONE,paises/italia/roma/8384.htm,paises/italia/roma/8384.htm#editorial:hx001:table-39:description-table-48,3,camisas/italia/torino,3,3,unchanged,ready,ready,200,YES,NO,MIXED,BLOCKED_AMBIGUOUS,NO,YES,F ? KNOWN_SPECIAL_CASE,MEDIUM,UNCHANGED,NO,TECHNICAL_DEBT_AFTER_V1
45776,item:6ef616b39d438b8fc1def6c4e89041525e1d18bdebcf5ae025a739715bcd858a,item:6ef616b39d438b8fc1def6c4e89041525e1d18bdebcf5ae025a739715bcd858a,1983-1984-9047be,1983-1984-9047be,/items/italia/teams/roma/collections/fot-gio/1983-1984-9047be,/items/italia/teams/roma/collections/fot-gio/1983-1984-9047be,italia,paises/italia/roma,paises/italia/roma,paises/italia/torino,paises/italia/torino,camisas/italia/torino/fot_gio,camisas/italia/torino/fot_gio,1983-1984,AMICHEVOLE - PRÉ CAMPIONATO - ORIGINALE,paises/italia/roma/8384.htm,paises/italia/roma/8384.htm#editorial:hx001:table-66:description-table-75,3,camisas/italia/roma,3,3,unchanged,ready,ready,200,YES,NO,OTHER,BLOCKED_AMBIGUOUS,NO,NO,F ? KNOWN_SPECIAL_CASE,MEDIUM,UNCHANGED,NO,TECHNICAL_DEBT_AFTER_V1
45777,item:a2e53b1ef7d280e9a60588f448e2731e54b4a8f959d84b3f82b7d4f739705476,item:a2e53b1ef7d280e9a60588f448e2731e54b4a8f959d84b3f82b7d4f739705476,1983-1984-aafd64,1983-1984-aafd64,/items/italia/teams/roma/collections/fot-gio/1983-1984-aafd64,/items/italia/teams/roma/collections/fot-gio/1983-1984-aafd64,italia,paises/italia/roma,paises/italia/roma,paises/italia/torino,paises/italia/torino,camisas/italia/torino/fot_gio,camisas/italia/torino/fot_gio,1983-1984,CAMPIONATO ITALIANO - ORIGINALE,paises/italia/roma/8384.htm,paises/italia/roma/8384.htm#editorial:hx001:table-92:description-table-101,3,camisas/italia/roma,3,3,unchanged,ready,ready,200,YES,NO,OTHER,BLOCKED_AMBIGUOUS,NO,NO,F ? KNOWN_SPECIAL_CASE,MEDIUM,UNCHANGED,NO,TECHNICAL_DEBT_AFTER_V1
45778,item:da7c899b4be0b4df63a03cfa50e8bb3313b0b13c2503fcd273eb264edf0f5dc2,item:da7c899b4be0b4df63a03cfa50e8bb3313b0b13c2503fcd273eb264edf0f5dc2,1983-1984-503430,1983-1984-503430,/items/italia/teams/roma/collections/fot-gio/1983-1984-503430,/items/italia/teams/roma/collections/fot-gio/1983-1984-503430,italia,paises/italia/roma,paises/italia/roma,paises/italia/torino,paises/italia/torino,camisas/italia/torino/fot_gio,camisas/italia/torino/fot_gio,1983-1984,T. CEREZO - CAMPIONATO ITALIANO - ORIGINALE,paises/italia/roma/8384.htm,paises/italia/roma/8384.htm#editorial:hx001:table-118:description-table-127,3,camisas/italia/roma,3,3,unchanged,ready,ready,200,YES,NO,EXCLUSIVE,REASSOCIATE,NO,NO,F ? KNOWN_SPECIAL_CASE,MEDIUM,UNCHANGED,NO,TECHNICAL_DEBT_AFTER_V1
45779,item:910a7482595d595d4980305881bc992614a1767c57bbb564e86232a24758f36f,item:910a7482595d595d4980305881bc992614a1767c57bbb564e86232a24758f36f,1983-1984-5c36f0,1983-1984-5c36f0,/items/italia/teams/roma/collections/fot-gio/1983-1984-5c36f0,/items/italia/teams/roma/collections/fot-gio/1983-1984-5c36f0,italia,paises/italia/roma,paises/italia/roma,paises/italia/torino,paises/italia/torino,camisas/italia/torino/fot_gio,camisas/italia/torino/fot_gio,1983-1984,C. ANCELOTTI - CAMPIONATO ITALIANO - ORIGINALE,paises/italia/roma/8384.htm,paises/italia/roma/8384.htm#editorial:hx001:table-143:description-table-152,3,camisas/italia/roma,3,3,unchanged,ready,ready,200,YES,NO,EXCLUSIVE,REASSOCIATE,NO,NO,F ? KNOWN_SPECIAL_CASE,MEDIUM,UNCHANGED,NO,TECHNICAL_DEBT_AFTER_V1
45780,item:ff9b659c0d134b71226eb836e8455c7d989e4caaa1d6c2c5728b69fe279fc808,item:ff9b659c0d134b71226eb836e8455c7d989e4caaa1d6c2c5728b69fe279fc808,1983-1984-17e9b8,1983-1984-17e9b8,/items/italia/teams/roma/collections/fot-gio/1983-1984-17e9b8,/items/italia/teams/roma/collections/fot-gio/1983-1984-17e9b8,italia,paises/italia/roma,paises/italia/roma,paises/italia/torino,paises/italia/torino,camisas/italia/torino/fot_gio,camisas/italia/torino/fot_gio,1983-1984,CHIERICO - CAMPIONATO ITALIANO - ORIGINALE,paises/italia/roma/8384.htm,paises/italia/roma/8384.htm#editorial:hx001:table-163:description-table-172,3,camisas/italia/roma,3,3,unchanged,ready,ready,200,YES,NO,EXCLUSIVE,REASSOCIATE,NO,NO,F ? KNOWN_SPECIAL_CASE,MEDIUM,UNCHANGED,NO,TECHNICAL_DEBT_AFTER_V1
45781,item:0917e0e61449ef0dc8c4fcb5e465823b2d8ceade231b1132eee193c6bb73c611,item:0917e0e61449ef0dc8c4fcb5e465823b2d8ceade231b1132eee193c6bb73c611,1983-1984-544777,1983-1984-544777,/items/italia/teams/roma/collections/fot-gio/1983-1984-544777,/items/italia/teams/roma/collections/fot-gio/1983-1984-544777,italia,paises/italia/roma,paises/italia/roma,paises/italia/torino,paises/italia/torino,camisas/italia/torino/fot_gio,camisas/italia/torino/fot_gio,1983-1984,F. GRAZIANI - CAMPIONATO ITALIANO - ORIGINALE,paises/italia/roma/8384.htm,paises/italia/roma/8384.htm#editorial:hx001:table-183:description-table-192,3,camisas/italia/roma,3,3,unchanged,ready,ready,200,YES,NO,EXCLUSIVE,REASSOCIATE,NO,NO,F ? KNOWN_SPECIAL_CASE,MEDIUM,UNCHANGED,NO,TECHNICAL_DEBT_AFTER_V1
45782,item:457424f3c02ff4ec5a449cb81a7efb614d4868b1f41a868b6f6e821f75a42d66,item:457424f3c02ff4ec5a449cb81a7efb614d4868b1f41a868b6f6e821f75a42d66,1983-1984-cec67f,1983-1984-cec67f,/items/italia/teams/roma/collections/fot-gio/1983-1984-cec67f,/items/italia/teams/roma/collections/fot-gio/1983-1984-cec67f,italia,paises/italia/roma,paises/italia/roma,paises/italia/torino,paises/italia/torino,camisas/italia/torino/fot_gio,camisas/italia/torino/fot_gio,1983-1984,P.R. FALCAO - MOD. 6 - CAMPIONATO ITALIANO - ORIGINALE UN RINGRAZIAMENTO A DAVID BINI PER QUESTO STUPENDO REGALO.,paises/italia/roma/8384.htm,paises/italia/roma/8384.htm#editorial:hx001:table-203:description-table-212,3,camisas/italia/roma,3,3,unchanged,ready,ready,200,YES,NO,OTHER,REASSOCIATE,YES,NO,F ? KNOWN_SPECIAL_CASE,MEDIUM,UNCHANGED,NO,TECHNICAL_DEBT_AFTER_V1
45783,item:83ea7a177fc9a8a8e157e2a3f83489454d6273686bda018b0460864e7eb4f9e9,item:83ea7a177fc9a8a8e157e2a3f83489454d6273686bda018b0460864e7eb4f9e9,1983-1984-bcb7ab,1983-1984-bcb7ab,/items/italia/teams/roma/collections/fot-gio/1983-1984-bcb7ab,/items/italia/teams/roma/collections/fot-gio/1983-1984-bcb7ab,italia,paises/italia/roma,paises/italia/roma,paises/italia/torino,paises/italia/torino,camisas/italia/torino/fot_gio,camisas/italia/torino/fot_gio,1983-1984,S. NELA - CAMPIONATO ITALIANO - ORIGINALE,paises/italia/roma/8384.htm,paises/italia/roma/8384.htm#editorial:hx001:table-228:description-table-237,3,camisas/italia/roma,3,3,unchanged,ready,ready,200,YES,NO,EXCLUSIVE,REASSOCIATE,NO,NO,F ? KNOWN_SPECIAL_CASE,MEDIUM,UNCHANGED,NO,TECHNICAL_DEBT_AFTER_V1
45785,item:fa7906de2c0a079b78348dc81b1348348e1dd0653c3b0dec63d7416c0fad927d,item:fa7906de2c0a079b78348dc81b1348348e1dd0653c3b0dec63d7416c0fad927d,1984-1985,1984-1985,/items/italia/teams/roma/collections/fot-gio/1984-1985,/items/italia/teams/roma/collections/fot-gio/1984-1985,italia,paises/italia/roma,paises/italia/roma,paises/italia/torino,paises/italia/torino,camisas/italia/torino/fot_gio,camisas/italia/torino/fot_gio,1984-1985,CAMPIONATO ITALIANO - ORIGINALE,paises/italia/roma/8485_2.htm,paises/italia/roma/8485_2.htm#editorial:hx001:table-14:description-table-23,3,camisas/italia/roma | camisas/italia/torino,3,3,unchanged,ready,ready,200,YES,NO,OTHER,BLOCKED_CROSS_TEAM,NO,NO,F ? KNOWN_SPECIAL_CASE,MEDIUM,UNCHANGED,NO,TECHNICAL_DEBT_AFTER_V1
45809,item:251beeb7957bfa96b1202217e287c88339ea5b0740991f29cda853ee9a36f3ab,item:251beeb7957bfa96b1202217e287c88339ea5b0740991f29cda853ee9a36f3ab,2016,2016,/items/italia/teams/salernitana/collections/07-17/2016,/items/italia/teams/salernitana/collections/07-17/2016,italia,paises/italia/salernitana,paises/italia/salernitana,paises/outros/queretaro,paises/outros/queretaro,camisas/outros/queretaro/07_17,camisas/outros/queretaro/07_17,2016,RONALDINHO - JOGO: QUERETARO x SANTOS - ORIGINAL,paises/italia/salernitana/1718.htm,paises/italia/salernitana/1718.htm#editorial:hx001:table-12:description-table-21,3,camisas/outros/queretaro,3,3,unchanged,ready,ready,200,YES,NO,OTHER,BLOCKED_CROSS_TEAM,NO,NO,E ? SOURCE_PAGE_CROSS_TEAM,HIGH,UNCHANGED,NO,TECHNICAL_DEBT_AFTER_V1
46557,item:94cda6a870c2f1615baa5f8558e4be60fba7961df43433cc989d810b17835349,item:94cda6a870c2f1615baa5f8558e4be60fba7961df43433cc989d810b17835349,1999-2000-e059e9,1999-2000-e059e9,/items/italia/teams/torres/collections/08-16/1999-2000-e059e9,/items/italia/teams/torres/collections/08-16/1999-2000-e059e9,italia,paises/italia/torres,paises/italia/torres,paises/italia/ternana,paises/italia/ternana,camisas/italia/ternana/08_16,camisas/italia/ternana/08_16,1999-2000,F. MICCOLI - CAMPIONATO ITALIANO - ORIGINALE,paises/italia/torres/9900.htm,paises/italia/torres/9900.htm#editorial:hx001:table-11:description-table-22,4,camisas/italia/ternana,4,4,unchanged,ready,ready,200,YES,NO,OTHER,BLOCKED_CROSS_TEAM,NO,NO,E ? SOURCE_PAGE_CROSS_TEAM,HIGH,UNCHANGED,NO,TECHNICAL_DEBT_AFTER_V1
46560,item:4cb73ee1e20f2ef79fba9bc60f000197fcc0b41b9b621a1d13a62a791f3db2c3,item:4cb73ee1e20f2ef79fba9bc60f000197fcc0b41b9b621a1d13a62a791f3db2c3,1999-2000-8baf29,1999-2000-8baf29,/items/italia/teams/treviso/collections/08-16/1999-2000-8baf29,/items/italia/teams/treviso/collections/08-16/1999-2000-8baf29,italia,paises/italia/treviso,paises/italia/treviso,paises/italia/ternana,paises/italia/ternana,camisas/italia/ternana/08_16,camisas/italia/ternana/08_16,1999-2000,F. MICCOLI - CAMPIONATO ITALIANO - ORIGINALE,paises/italia/treviso/9900.htm,paises/italia/treviso/9900.htm#editorial:hx001:table-11:description-table-22,4,camisas/italia/ternana,4,4,unchanged,ready,ready,200,YES,NO,OTHER,BLOCKED_CROSS_TEAM,NO,NO,E ? SOURCE_PAGE_CROSS_TEAM,HIGH,UNCHANGED,NO,TECHNICAL_DEBT_AFTER_V1
46762,item:5c12ca0107a34961f0cd168ddd02d50a1e80b34d191c799736ff03d5590bad39,item:5c12ca0107a34961f0cd168ddd02d50a1e80b34d191c799736ff03d5590bad39,2017-f6c612,2017-f6c612,/items/outros/teams/israel/collections/07-17/2017-f6c612,/items/outros/teams/israel/collections/07-17/2017-f6c612,outros,paises/outros/israel,paises/outros/israel,paises/brasil/sport,paises/brasil/sport,camisas/brasil/sport/07_17,camisas/brasil/sport/07_17,2017,RAUL PRATA - CAMPEONATO PERNANBUCANO - ORIGINAL,paises/outros/israel/2017.htm,paises/outros/israel/2017.htm#editorial:hx001:table-12:description-table-21,3,camisas/brasil/sport,3,3,unchanged,ready,ready,200,YES,NO,OTHER,BLOCKED_CROSS_TEAM,NO,NO,E ? SOURCE_PAGE_CROSS_TEAM,HIGH,UNCHANGED,NO,TECHNICAL_DEBT_AFTER_V1
46767,item:d8118b138320364b8640c37b985b6aa8bd8ae16f409c688333ab6186058656d5,item:d8118b138320364b8640c37b985b6aa8bd8ae16f409c688333ab6186058656d5,2017-4ffb18,2017-4ffb18,/items/outros/teams/macedonia/collections/07-17/2017-4ffb18,/items/outros/teams/macedonia/collections/07-17/2017-4ffb18,outros,paises/outros/macedonia,paises/outros/macedonia,paises/brasil/sport,paises/brasil/sport,camisas/brasil/sport/07_17,camisas/brasil/sport/07_17,2017,RAUL PRATA - CAMPEONATO PERNANBUCANO - ORIGINAL,paises/outros/macedonia/2017.htm,paises/outros/macedonia/2017.htm#editorial:hx001:table-12:description-table-21,3,camisas/brasil/sport,3,3,unchanged,ready,ready,200,YES,NO,OTHER,BLOCKED_CROSS_TEAM,NO,NO,E ? SOURCE_PAGE_CROSS_TEAM,HIGH,UNCHANGED,NO,TECHNICAL_DEBT_AFTER_V1
46840,item:16e2f618b97bc4855a8f9cfc643d04fa7aa96393b0a03633e655d13d46389418,item:16e2f618b97bc4855a8f9cfc643d04fa7aa96393b0a03633e655d13d46389418,2017-2018-c755f3,2017-2018-c755f3,/items/outros/teams/suecia/collections/06-18/2017-2018-c755f3,/items/outros/teams/suecia/collections/06-18/2017-2018-c755f3,outros,paises/outros/suecia,paises/outros/suecia,paises/outros/manchester city,paises/outros/manchester city,camisas/outros/manchester city/06_18,camisas/outros/manchester city/06_18,2017 - 2018,STONES - PREMIER LEAGUE - ORIGINAL,paises/outros/suecia/1718.htm,paises/outros/suecia/1718.htm#editorial:hx001:table-12:description-table-21,3,camisas/outros/manchester city,3,3,unchanged,ready,ready,200,YES,NO,OTHER,BLOCKED_CROSS_TEAM,NO,NO,E ? SOURCE_PAGE_CROSS_TEAM,HIGH,UNCHANGED,NO,TECHNICAL_DEBT_AFTER_V1
