collection,before,after,item_count
camisas/brasil/atletico/01_18,0,1,1
camisas/brasil/atletico/01_19,0,2,2
camisas/brasil/atletico/01_20,0,9,9
camisas/brasil/atletico/02_17,0,1,1
camisas/brasil/atletico/02_22,0,5,5
camisas/brasil/atletico/02_25,0,2,2
camisas/brasil/atletico/03_16,0,23,23
camisas/brasil/atletico/03_19,0,4,4
camisas/brasil/atletico/03_20,0,6,6
camisas/brasil/atletico/03_23,0,8,8
camisas/brasil/atletico/03_25,0,18,18
camisas/brasil/atletico/04_16,0,4,4
camisas/brasil/atletico/04_20,0,3,3
camisas/brasil/atletico/05_24,0,6,6
camisas/brasil/atletico/06_14,0,3,3
camisas/brasil/atletico/06_16,0,3,3
camisas/brasil/atletico/07_13,0,1,1
camisas/brasil/atletico/07_22,0,4,4
camisas/brasil/atletico/07_25_2,0,1,1
camisas/brasil/atletico/08_14,0,1,1
camisas/brasil/atletico/08_14_2,0,1,1
camisas/brasil/atletico/08_18,0,6,6
camisas/brasil/atletico/08_23,0,18,18
camisas/brasil/atletico/09_18,0,2,2
camisas/brasil/atletico/09_24_2,0,7,7
camisas/brasil/atletico/10_18,0,3,3
camisas/brasil/atletico/10_19,0,2,2
camisas/brasil/atletico/11_17,0,7,7
camisas/brasil/atletico/11_22,0,1,1
camisas/brasil/atleticop/11_21,0,1,1
camisas/brasil/botafogo/01_18,0,1,1
camisas/brasil/botafogo/03_19,0,1,1
camisas/brasil/botafogo/11_21,0,1,1
camisas/brasil/chapecoense/01_20,0,1,1
camisas/brasil/corinthians/01_16,0,3,3
camisas/brasil/corinthians/01_18,0,4,4
camisas/brasil/corinthians/01_20,0,11,11
camisas/brasil/corinthians/02_17,0,1,1
camisas/brasil/corinthians/03_15,0,1,1
camisas/brasil/corinthians/03_16,0,2,2
camisas/brasil/corinthians/03_20,0,2,2
camisas/brasil/corinthians/04_16,0,2,2
camisas/brasil/corinthians/05_15,0,1,1
camisas/brasil/corinthians/06_16,0,3,3
camisas/brasil/corinthians/07_18,0,3,3
camisas/brasil/corinthians/08_17,0,1,1
camisas/brasil/corinthians/08_18,0,1,1
camisas/brasil/corinthians/09_18,0,1,1
camisas/brasil/corinthians/10_18,0,2,2
camisas/brasil/corinthians/11_17,0,5,5
camisas/brasil/corinthians/11_18,0,1,1
camisas/brasil/corinthians/11_21,0,1,1
camisas/brasil/corinthians/11_21_2,0,1,1
camisas/brasil/cruzeiro/01_16,0,2,2
camisas/brasil/cruzeiro/03_16,0,3,3
camisas/brasil/cruzeiro/03_17,0,1,1
camisas/brasil/cruzeiro/07_17,0,4,4
camisas/brasil/cruzeiro/08_18,0,2,2
camisas/brasil/cruzeiro/09_18,0,1,1
camisas/brasil/cruzeiro/11_17,0,2,2
camisas/brasil/flamengo/01_20,0,1,1
camisas/brasil/flamengo/07_22,0,5,5
camisas/brasil/flamengo/08_14,0,1,1
camisas/brasil/flamengo/08_18,0,3,3
camisas/brasil/flamengo/09_22,0,1,1
camisas/brasil/fluminense/06_16,0,1,1
camisas/brasil/fluminense/07_22,0,1,1
camisas/brasil/fluminense/09_24,0,1,1
camisas/brasil/fluminense/11_17,0,1,1
camisas/brasil/gremio/01_18,0,5,5
camisas/brasil/gremio/01_19,0,6,6
camisas/brasil/gremio/01_20,0,13,13
camisas/brasil/gremio/02_17,0,1,1
camisas/brasil/gremio/03_19,0,2,2
camisas/brasil/gremio/03_20,0,1,1
camisas/brasil/gremio/03_25,0,2,2
camisas/brasil/gremio/04_16,0,1,1
camisas/brasil/gremio/04_20,0,1,1
camisas/brasil/gremio/08_14_2,0,1,1
camisas/brasil/gremio/08_18,0,4,4
camisas/brasil/gremio/09_18,0,2,2
camisas/brasil/gremio/10_18,0,5,5
camisas/brasil/gremio/11_17,0,1,1
camisas/brasil/gremio/11_21,0,2,2
camisas/brasil/internacional/01_24,0,1,1
camisas/brasil/internacional/03_15,0,2,2
camisas/brasil/internacional/03_16,0,3,3
camisas/brasil/internacional/04_14,0,1,1
camisas/brasil/internacional/05_15,0,1,1
camisas/brasil/internacional/11_17,0,2,2
camisas/brasil/londrina/11_21,0,1,1
camisas/brasil/palmeiras/01_18,0,1,1
camisas/brasil/palmeiras/01_19,0,1,1
camisas/brasil/palmeiras/01_20,0,2,2
camisas/brasil/palmeiras/02_17,0,2,2
camisas/brasil/palmeiras/03_16,0,3,3
camisas/brasil/palmeiras/03_17,0,2,2
camisas/brasil/palmeiras/03_19,0,1,1
camisas/brasil/palmeiras/04_16,0,3,3
camisas/brasil/palmeiras/05_15,0,1,1
camisas/brasil/palmeiras/07_25,0,1,1
camisas/brasil/palmeiras/08_18,0,2,2
camisas/brasil/palmeiras/09_18,0,1,1
camisas/brasil/palmeiras/11_17,0,3,3
camisas/brasil/palmeiras/11_21,0,1,1
camisas/brasil/santos/01_16,0,4,4
camisas/brasil/santos/01_18,0,1,1
camisas/brasil/santos/01_19,0,1,1
camisas/brasil/santos/01_20,0,1,1
camisas/brasil/santos/02_22,0,3,3
camisas/brasil/santos/03_15,0,3,3
camisas/brasil/santos/03_17,0,2,2
camisas/brasil/santos/03_19,0,1,1
camisas/brasil/santos/04_15,0,1,1
camisas/brasil/santos/07_13,0,1,1
camisas/brasil/santos/07_18,0,2,2
camisas/brasil/santos/08_14,0,4,4
camisas/brasil/santos/10_18,0,2,2
camisas/brasil/santos/10_19,0,1,1
camisas/brasil/santos/11_13,0,1,1
camisas/brasil/santos/11_14,0,1,1
camisas/brasil/santos/11_17,0,1,1
camisas/brasil/santos/11_17_2,0,1,1
camisas/brasil/santos/11_21,0,2,2
camisas/brasil/saopaulo/01_18,0,3,3
camisas/brasil/saopaulo/03_15,0,6,6
camisas/brasil/saopaulo/03_25,0,2,2
camisas/brasil/saopaulo/04_14,0,1,1
camisas/brasil/saopaulo/04_15,0,3,3
camisas/brasil/saopaulo/07_22,0,1,1
camisas/brasil/saopaulo/11_13,0,1,1
camisas/brasil/saopaulo/11_17,0,1,1
camisas/brasil/saopaulo/11_18,0,4,4
camisas/brasil/sport/11_17,0,1,1
camisas/brasil/xvpira/08_22,0,4,4
camisas/brasil/xvpira/09_22,0,1,1
camisas/italia/bologna/04_20,0,1,1
camisas/italia/cagliari/01_14,0,1,1
camisas/italia/cagliari/03_17,0,3,3
camisas/italia/cagliari/03_23,0,1,1
camisas/italia/cagliari/06_23,0,1,1
camisas/italia/cagliari/07_17,0,18,18
camisas/italia/cagliari/07_25,0,7,7
camisas/italia/cagliari/08_22,0,1,1
camisas/italia/cagliari/09_24,0,4,4
camisas/italia/cagliari/09_24_2,0,1,1
camisas/italia/chievo/03_14,0,2,2
camisas/italia/chievo/03_19_2,0,2,2
camisas/italia/chievo/04_20,0,1,1
camisas/italia/chievo/06_14,0,5,5
camisas/italia/chievo/06_14_2,0,1,1
camisas/italia/chievo/06_18,0,1,1
camisas/italia/chievo/06_18_2,0,5,5
camisas/italia/chievo/08_17,0,2,2
camisas/italia/chievo/09_18,0,1,1
camisas/italia/chievo/10_19,0,1,1
camisas/italia/fiorentina/01_26,0,1,1
camisas/italia/fiorentina/02_17,0,3,3
camisas/italia/fiorentina/02_25,0,1,1
camisas/italia/fiorentina/04_16,0,2,2
camisas/italia/fiorentina/04_20,0,1,1
camisas/italia/fiorentina/06_14,0,1,1
camisas/italia/fiorentina/07_17,0,5,5
camisas/italia/fiorentina/08_18,0,2,2
camisas/italia/fiorentina/09_18,0,1,1
camisas/italia/fiorentina/09_23,0,1,1
camisas/italia/fiorentina/09_24,0,1,1
camisas/italia/genoa/07_18,0,1,1
camisas/italia/genoa/07_22,0,1,1
camisas/italia/genoa/09_24,0,1,1
camisas/italia/inter/07_25,0,1,1
camisas/italia/inter/11_23,0,1,1
camisas/italia/italy/01_14,0,1,1
camisas/italia/italy/03_19,0,4,4
camisas/italia/italy/03_19_2,0,2,2
camisas/italia/italy/04_14,0,1,1
camisas/italia/italy/04_20,0,2,2
camisas/italia/italy/07_18,0,2,2
camisas/italia/italy/08_17,0,2,2
camisas/italia/italy/08_18,0,1,1
camisas/italia/italy/09_15,0,1,1
camisas/italia/italy/10_19,0,2,2
camisas/italia/juventus/02_15,0,8,8
camisas/italia/juventus/02_22,0,1,1
camisas/italia/juventus/03_17,0,6,6
camisas/italia/juventus/03_20,0,5,5
camisas/italia/juventus/04_14,0,2,2
camisas/italia/juventus/04_16,0,1,1
camisas/italia/juventus/06_18_2,0,3,3
camisas/italia/juventus/07_13,0,2,2
camisas/italia/juventus/07_17,0,1,1
camisas/italia/juventus/08_14,0,1,1
camisas/italia/juventus/08_17,0,2,2
camisas/italia/juventus/08_18_3,0,2,2
camisas/italia/juventus/09_15,0,1,1
camisas/italia/juventus/09_23,0,13,13
camisas/italia/juventus/09_23_2,0,9,9
camisas/italia/juventus/09_24_2,0,2,2
camisas/italia/juventus/11_22,0,1,1
camisas/italia/juventus/11_23,0,5,5
camisas/italia/juventus/12_17,0,1,1
camisas/italia/juventus/50-60,0,1,1
camisas/italia/lazio/02_13,0,1,1
camisas/italia/lazio/08_22,0,1,1
camisas/italia/milan/07_18,0,1,1
camisas/italia/milan/07_19,0,1,1
camisas/italia/milan/09_23,0,4,4
camisas/italia/napoli/03_15,0,1,1
camisas/italia/napoli/03_17,0,1,1
camisas/italia/napoli/03_25,0,2,2
camisas/italia/napoli/05_09,0,1,1
camisas/italia/napoli/05_24,0,2,2
camisas/italia/napoli/06_18,0,1,1
camisas/italia/napoli/09_24,0,1,1
camisas/italia/napoli/10_13,0,3,3
camisas/italia/novara/08_17,0,2,2
camisas/italia/parma/07_17,0,1,1
camisas/italia/roma/02_17,0,1,1
camisas/italia/roma/02_25,0,1,1
camisas/italia/roma/03_23,0,1,1
camisas/italia/roma/07_18,0,2,2
camisas/italia/sampdoria/05_24,0,1,1
camisas/italia/torino/02_16,0,3,3
camisas/italia/torino/02_17,0,8,8
camisas/italia/torino/02_22,0,1,1
camisas/italia/torino/03_15_2,0,1,1
camisas/italia/torino/03_19,0,12,12
camisas/italia/torino/03_19_2,0,8,8
camisas/italia/torino/03_20,0,15,15
camisas/italia/torino/03_25,0,1,1
camisas/italia/torino/04_15,0,1,1
camisas/italia/torino/04_20,0,1,1
camisas/italia/torino/05_23,0,6,6
camisas/italia/torino/05_24,0,2,2
camisas/italia/torino/06_23,0,2,2
camisas/italia/torino/07_13,0,5,5
camisas/italia/torino/07_13_2,0,14,14
camisas/italia/torino/07_17,0,1,1
camisas/italia/torino/07_18,0,1,1
camisas/italia/torino/08_16,0,1,1
camisas/italia/torino/08_18,0,3,3
camisas/italia/torino/08_18_2,0,2,2
camisas/italia/torino/08_18_3,0,2,2
camisas/italia/torino/09_15,0,3,3
camisas/italia/torino/09_24,0,2,2
camisas/italia/torino/10_13,0,4,4
camisas/italia/torino/10_19,0,3,3
camisas/italia/torino/11_21,0,1,1
camisas/italia/torino/11_21_2,0,8,8
camisas/italia/torino/12_17,0,1,1
camisas/italia/torino/70-80,0,2,2
camisas/italia/torino/80-90,0,2,2
camisas/italia/udinese/10_19,0,1,1
camisas/italia/verona/10_19,0,1,1
camisas/italia/vicenza/02_25,0,1,1
camisas/italia/vicenza/04_20,0,1,1
camisas/outros/cerro_uru/03_19,0,2,2
camisas/outros/mexico/03_15,0,1,1
camisas/outros/mexico/08_14,0,1,1
camisas/outros/venezuela/06_16,0,1,1
